county,evs_2026,bevs_2026,phevs_2026,evs_2024,l2_ports,dcfc_ports,public_ports,tesla_dcfc_ports,all_vehicles_2026,evs_per_port,bevs_per_dcfc,ev_growth_2y,ev_share,zips
Alameda,139996,114712,25284,98248,2170,907,3077,524,1141659,45.497562560935975,126.47409040793826,0.4249246804006188,0.12262505704417868,49
Contra Costa,85108,67275,17833,58809,645,537,1182,319,888231,72.00338409475465,125.27932960893855,0.4471934567838256,0.0958174168656577,43
Marin,29499,22288,7211,20810,488,194,682,122,232862,43.25366568914956,114.88659793814433,0.41753964440172986,0.12668017967723372,29
Napa,7417,5639,1778,5100,427,66,493,44,107973,15.044624746450305,85.43939393939394,0.4543137254901961,0.06869309920072611,10
San Francisco,50858,40081,10777,36975,932,239,1171,80,408939,43.43125533731853,167.70292887029288,0.37546991210277225,0.12436573669911649,28
San Mateo,73400,59711,13689,56643,3001,630,3631,352,591507,20.21481685486092,94.77936507936508,0.29583531945694963,0.12408982480342583,30
Santa Clara,203401,169991,33410,139155,4861,1345,6206,843,1453351,32.774895262649046,126.38736059479554,0.4616866084581941,0.1399531152488284,58
Solano,18735,14583,4152,12587,261,376,637,220,344818,29.411302982731556,38.784574468085104,0.4884404544371177,0.05433301045769073,15
Sonoma,24604,17662,6942,17266,596,194,790,76,388673,31.144303797468353,91.04123711340206,0.4249971041352949,0.06330257054130335,38
Bay Area total,633018,511942,121076,445593,13381,4488,17869,2580,5558013,35.425485477642845,114.06907308377896,0.42061926466528865,0.11389286063202803,300
