zip,city,county,evs_2026,bevs_2026,phevs_2026,evs_2024,all_vehicles_2026,stations,l2_ports,dcfc_ports,l1_ports,tesla_dcfc_ports,public_ports,no_public_ports,top_network,evs_per_port,bevs_per_dcfc,ev_growth_2y,ev_share,rankable,gap_score,gap_rank,renter_share,priority_score
94002,Belmont,San Mateo,3809,3151,658,2646,22015,7,9,7,0,0,16,False,ChargePoint Network,238.0625,450.14285714285717,0.4395313681027966,0.17301839654780832,True,90.32258064516128,39,0.4501,77.21257237386268
94005,Brisbane,San Mateo,521,414,107,340,4209,43,128,0,0,0,128,False,ChargePoint Network,4.0703125,,0.5323529411764707,0.12378237110952721,True,2.3041474654377883,230,0.4529,33.630706211351374
94010,Hillsborough,San Mateo,6335,5181,1154,4492,35319,146,260,41,0,20,301,False,ChargePoint Network,21.046511627906977,126.36585365853658,0.4102849510240427,0.17936521419066226,True,21.19815668202765,189,0.4045,38.16318090511639
94014,Daly City,San Mateo,2262,1885,377,1411,30928,8,21,27,0,15,48,False,Blink Network,47.125,69.81481481481481,0.6031183557760453,0.07313760993274702,True,52.07373271889401,122,0.4028,53.17361849619914
94015,Daly City,San Mateo,3489,2806,683,2189,42162,11,14,46,0,40,60,False,Tesla,58.15,61.0,0.5938784833257196,0.08275224135477444,True,58.986175115207374,107,0.3962,55.77513883965497
94018,El Granada,San Mateo,296,205,91,208,2952,2,3,0,0,0,3,False,ChargePoint Network,98.66666666666667,,0.42307692307692313,0.1002710027100271,True,70.96774193548387,81,0.1631,39.33002481389578
94019,Half Moon Bay,San Mateo,1271,959,312,932,13585,12,25,12,0,0,37,False,ChargePoint Network,34.351351351351354,79.91666666666667,0.3637339055793991,0.09355907250644092,True,38.24884792626728,152,0.2618,28.52613336484304
94020,La Honda,San Mateo,127,93,34,94,1335,0,0,0,0,0,0,True,,,,0.35106382978723394,0.0951310861423221,False,,,0.2992,
94021,Loma Mar,San Mateo,7,3,4,8,136,0,0,0,0,0,0,True,,,,-0.125,0.051470588235294115,False,,,0.2812,
94022,Los Altos Hills,Santa Clara,4522,3822,700,3418,17000,32,163,41,0,36,204,False,Non-Networked,22.166666666666668,93.21951219512195,0.3229959040374488,0.266,True,23.04147465437788,185,0.183,16.86261766906928
94024,Los Altos,Santa Clara,5048,4214,834,3751,19185,4,30,4,0,0,34,False,POWERFLEX,148.47058823529412,1053.5,0.3457744601439616,0.26312223090956477,True,80.64516129032258,60,0.1261,42.67300799558864
94025,Menlo Park,San Mateo,6405,5325,1080,4551,31460,315,586,49,0,18,635,False,ChargePoint Network,10.086614173228346,108.6734693877551,0.4073829927488464,0.20359186268277177,True,7.834101382488479,218,0.4149,33.61790539209894
94027,Atherton,San Mateo,1578,1309,269,1205,6099,3,6,0,0,0,6,False,ChargePoint Network,263.0,,0.3095435684647303,0.2587309394982784,True,91.70506912442397,36,0.1239,47.775611485288906
94028,Portola Valley,San Mateo,1527,1242,285,1193,5984,5,8,12,0,0,20,False,POWERFLEX,76.35,103.5,0.2799664710813077,0.25518048128342247,True,66.3594470046083,91,0.1805,37.66690298948364
94030,Millbrae,San Mateo,2461,2108,353,1680,17873,30,55,15,0,0,70,False,ChargePoint Network,35.15714285714286,140.53333333333333,0.4648809523809523,0.13769372796956303,True,38.70967741935484,151,0.3921,44.78218913702784
94037,Montara,San Mateo,328,244,84,240,2404,0,0,0,0,0,0,True,,,,0.3666666666666667,0.13643926788685523,True,100.0,16,0.2183,57.05128205128205
94038,Moss Beach,San Mateo,249,192,57,172,2507,1,1,0,0,0,1,False,Tesla Destination,249.0,,0.44767441860465107,0.09932189868368568,True,90.78341013824884,38,0.0098,45.605380282799636
94040,Mountain View,Santa Clara,4859,4078,781,3314,25839,27,95,50,0,44,145,False,Tesla,33.51034482758621,81.56,0.4662039831019915,0.18804907310654437,True,36.86635944700461,155,0.632,61.16822245854504
94041,Mountain View,Santa Clara,2029,1698,331,1367,11414,2,22,0,0,0,22,False,POWERFLEX,92.22727272727273,,0.48427212874908565,0.1777641492903452,True,68.20276497695853,87,0.7185,80.68257906967585
94043,Mountain View,Santa Clara,7047,6385,662,3418,26957,82,170,26,1,12,196,False,ChargePoint Network,35.954081632653065,245.57692307692307,1.06173200702165,0.26141632971027934,True,41.013824884792626,146,0.5468,58.96845090393478
94044,Pacifica,San Mateo,2800,2182,618,1933,29445,5,3,14,0,12,17,False,Tesla,164.7058823529412,155.85714285714286,0.44852560786342477,0.09509254542367125,True,82.94930875576037,55,0.3237,59.63704754027334
94060,Pescadero,San Mateo,46,29,17,30,1384,0,0,0,0,0,0,True,,,,0.5333333333333334,0.033236994219653176,False,,,0.3039,
94061,Redwood City,San Mateo,2966,2359,607,2029,27511,16,44,34,0,8,78,False,EVOLV_CHARGING,38.02564102564103,69.38235294117646,0.46180384425825527,0.10781142088619097,True,44.23963133640553,139,0.4598,55.02579857418567
94062,Woodside,San Mateo,4175,3413,762,3068,22504,17,42,2,0,0,44,False,ChargePoint Network,94.88636363636364,1706.5,0.36082138200782277,0.18552257376466405,True,69.12442396313364,85,0.2731,45.67332309267793
94063,Redwood City,San Mateo,1823,1471,352,1249,28594,110,249,4,0,0,253,False,ChargePoint Network,7.205533596837944,367.75,0.4595676541232987,0.06375463383926698,True,5.990783410138248,222,0.6865,48.08086179053921
94065,Redwood City,San Mateo,1897,1597,300,1351,9386,62,115,2,0,0,117,False,ChargePoint Network,16.213675213675213,798.5,0.40414507772020736,0.20210952482420627,True,17.51152073732719,197,0.3406,29.054905667808892
94066,San Bruno,San Mateo,2820,2290,530,1901,33044,30,84,58,0,52,142,False,Tesla,19.859154929577464,39.48275862068966,0.48342977380326135,0.08534075777750878,True,19.81566820276498,192,0.3792,33.83945803300642
94070,San Carlos,San Mateo,4682,3836,846,3312,26191,22,38,29,0,19,67,False,ChargePoint Network,69.88059701492537,132.27586206896552,0.41364734299516903,0.17876369745332366,True,64.0552995391705,96,0.3136,49.33534207727756
94074,San Mateo,San Mateo,14,10,4,10,212,0,0,0,0,0,0,True,,,,0.3999999999999999,0.0660377358490566,False,,,0.3429,
94080,South San Francisco,San Mateo,7611,5935,1676,10906,86748,217,479,108,0,44,587,False,ChargePoint Network,12.965928449744464,54.9537037037037,-0.3021272693929947,0.08773689306958085,True,11.52073732718894,210,0.4108,34.60652250974832
94085,Sunnyvale,Santa Clara,2865,2515,350,1804,19263,30,76,3,0,0,79,False,ChargePoint Network,36.265822784810126,838.3333333333334,0.5881374722838137,0.14873072730104345,True,41.474654377880185,145,0.6195,62.61766906928197
94086,Sunnyvale,Santa Clara,5406,4583,823,3436,35685,113,211,19,0,10,230,False,ChargePoint Network,23.504347826086956,241.21052631578948,0.5733410942956927,0.15149222362337117,True,24.88479262672811,181,0.695,57.95521682618457
94087,Sunnyvale,Santa Clara,7534,6322,1212,5102,40064,30,101,46,0,28,147,False,POWERFLEX,51.25170068027211,137.43478260869566,0.4766758134065072,0.1880491214057508,True,54.377880184331794,117,0.4423,58.38552128874709
94089,Sunnyvale,Santa Clara,2196,1876,320,1479,17475,27,40,22,0,12,62,False,ChargePoint Network,35.41935483870968,85.27272727272727,0.484787018255578,0.12566523605150215,True,39.1705069124424,150,0.4713,53.98696285793061
94102,San Francisco,San Francisco,882,723,159,547,7744,21,46,12,0,12,58,False,ChargePoint Network,15.206896551724139,60.25,0.6124314442413163,0.11389462809917356,True,15.668202764976957,201,0.9202,57.62042616881326
94103,San Francisco,San Francisco,1538,1280,258,1218,11997,58,108,89,0,12,197,False,ChargePoint Network,7.807106598984771,14.382022471910112,0.2627257799671592,0.1281987163457531,True,6.912442396313365,220,0.8026,51.53314427507976
94104,San Francisco,San Francisco,136,113,23,203,863,6,23,0,0,0,23,False,CHARGELAB,5.913043478260869,,-0.3300492610837439,0.15758980301274622,False,,,0.6808,
94105,San Francisco,San Francisco,1367,1170,197,940,5917,57,84,6,0,0,90,False,ChargePoint Network,15.188888888888888,195.0,0.45425531914893624,0.2310292377894203,True,15.207373271889402,202,0.6523,51.62078065303872
94107,San Francisco,San Francisco,3025,2573,452,3408,16493,37,68,26,0,0,94,False,ChargePoint Network,32.180851063829785,98.96153846153847,-0.11238262910798125,0.1834111441217486,True,35.483870967741936,158,0.6431,61.11800385993934
94108,San Francisco,San Francisco,314,235,79,227,3025,26,60,0,0,0,60,False,ChargePoint Network,5.233333333333333,,0.3832599118942732,0.10380165289256198,True,4.147465437788019,226,0.8909,51.43270707786837
94109,San Francisco,San Francisco,1921,1506,415,1310,17925,19,36,2,2,0,38,False,ChargePoint Network,50.55263157894737,753.0,0.46641221374045805,0.10716875871687587,True,53.45622119815668,119,0.8324,75.01870888967663
94110,San Francisco,San Francisco,3556,2720,836,2494,30176,7,11,3,0,0,14,False,ChargePoint Network,254.0,906.6666666666666,0.4258219727345629,0.11784199363732768,True,91.24423963133641,37,0.5823,86.64776084130924
94111,San Francisco,San Francisco,315,253,62,220,2278,27,64,7,0,0,71,False,ChargePoint Network,4.436619718309859,36.142857142857146,0.4318181818181819,0.1382791922739245,True,3.225806451612903,228,0.7882,49.262475875379096
94112,San Francisco,San Francisco,3882,3096,786,2634,43803,8,24,0,0,0,24,False,Blink Network,161.75,,0.4738041002277904,0.08862406684473666,True,82.02764976958525,57,0.3439,61.95399582496357
94114,San Francisco,San Francisco,3058,2358,700,2237,16733,0,0,0,0,0,0,True,,,,0.3670093875726419,0.18275264447498954,True,100.0,1,0.5481,88.67521367521368
94115,San Francisco,San Francisco,1941,1499,442,1366,15421,7,51,3,0,0,54,False,CHARGIE,35.94444444444444,499.6666666666667,0.4209370424597365,0.12586732377926205,True,40.55299539170507,147,0.7439,67.28504470439954
94116,San Francisco,San Francisco,3280,2604,676,2278,25791,11,16,0,0,0,16,False,ChargePoint Network,205.0,,0.4398595258999123,0.1271761467178473,True,85.25345622119815,50,0.2689,53.310488794359756
94117,San Francisco,San Francisco,2176,1655,521,1600,16214,4,6,2,0,0,8,False,ChargePoint Network,272.0,827.5,0.3600000000000001,0.13420500801776242,True,92.16589861751152,35,0.7119,92.23679546260192
94118,San Francisco,San Francisco,2484,1875,609,1753,19137,7,17,38,9,34,55,False,Tesla,45.163636363636364,49.3421052631579,0.416999429549344,0.12980090923342216,True,51.1520737327189,124,0.6485,69.37945566977825
94121,San Francisco,San Francisco,2661,2025,636,1782,21262,2,2,4,0,0,6,False,eVgo Network,443.5,506.25,0.4932659932659933,0.1251528548584329,True,95.39170506912443,28,0.5615,87.65311749182717
94122,San Francisco,San Francisco,3520,2768,752,2447,29722,8,12,16,0,0,28,False,SHELL_RECHARGE,125.71428571428571,173.0,0.43849611769513697,0.11843079200592153,True,75.57603686635944,71,0.5175,75.18118082634211
94123,San Francisco,San Francisco,1869,1460,409,1244,13229,39,40,16,0,16,56,False,ChargePoint Network,33.375,91.25,0.502411575562701,0.1412805200695442,True,36.405529953917046,156,0.6957,63.92926070345425
94124,San Francisco,San Francisco,2100,1594,506,1489,27257,6,11,6,0,0,17,False,eVgo Network,123.52941176470588,265.6666666666667,0.4103425117528543,0.07704442895403016,True,75.11520737327189,72,0.4975,73.45503958407184
94127,San Francisco,San Francisco,2303,1791,512,1629,13258,0,0,0,0,0,0,True,,,,0.4137507673419276,0.1737064413938754,True,100.0,3,0.1708,54.059829059829056
94128,South San Francisco,San Mateo,17,12,5,7,476,104,202,0,63,0,202,False,ChargePoint Network,0.08415841584158416,,1.4285714285714284,0.03571428571428571,False,,,,
94129,San Francisco,San Francisco,300,224,76,220,1758,6,14,6,0,6,20,False,RIVIAN_WAYPOINTS,15.0,37.333333333333336,0.36363636363636354,0.17064846416382254,True,14.746543778801843,203,1.0,57.373271889400925
94130,San Francisco,San Francisco,109,90,19,57,944,0,0,0,0,0,0,True,,,,0.9122807017543859,0.11546610169491525,False,,,1.0,
94131,San Francisco,San Francisco,2859,2152,707,2134,16341,1,2,0,0,0,2,False,ChargePoint Network,1429.5,,0.3397375820056232,0.1749586928584542,True,100.0,18,0.46,83.11965811965811
94132,San Francisco,San Francisco,1613,1316,297,1056,14528,24,45,3,0,0,48,False,ChargePoint Network,33.604166666666664,438.6666666666667,0.5274621212121211,0.11102698237885462,True,37.327188940092164,154,0.5213,56.484107290558896
94133,San Francisco,San Francisco,908,734,174,634,9356,6,10,0,0,0,10,False,ChargePoint Network,90.8,,0.43217665615141954,0.09705002137665669,True,67.74193548387096,88,0.8351,82.37524124620899
94134,San Francisco,San Francisco,1987,1616,371,1335,23773,0,0,0,0,0,0,True,,,,0.4883895131086142,0.083582215117991,True,100.0,6,0.3623,72.22222222222223
94158,San Francisco,San Francisco,733,635,98,500,3594,88,182,0,0,0,182,False,ChargePoint Network,4.027472527472527,,0.46599999999999997,0.20395102949360044,True,1.8433179723502304,231,0.6546,45.152428216944344
94188,San Francisco,San Francisco,21,16,5,13,400,0,0,0,0,0,0,True,,,,0.6153846153846154,0.0525,False,,,,
94301,Palo Alto,Santa Clara,2945,2488,457,2157,11564,28,96,20,0,19,116,False,ChargePoint Network,25.387931034482758,124.4,0.3653222067686601,0.2546696644759599,True,28.110599078341014,174,0.4695,48.24333372720469
94303,Palo Alto,Santa Clara,4336,3580,756,3074,34674,24,75,39,0,24,114,False,Tesla,38.03508771929825,91.7948717948718,0.41054001301236176,0.12505047009286496,True,44.70046082949309,138,0.4222,52.905785970302105
94304,Palo Alto,Santa Clara,2667,2607,60,304,4636,70,153,26,0,20,179,False,ChargePoint Network,14.899441340782124,100.26923076923077,7.773026315789474,0.5752804141501294,True,13.82488479262673,205,0.7678,54.3483398322108
94305,Stanford,Santa Clara,722,582,140,508,4039,54,106,0,0,0,106,False,ChargePoint Network,6.811320754716981,,0.42125984251968496,0.17875711809853925,True,5.529953917050691,223,0.7157,49.132498326046715
94306,Palo Alto,Santa Clara,4323,3590,733,3059,19357,87,197,0,1,0,197,False,ChargePoint Network,21.944162436548222,,0.4132069303694017,0.22333006147646847,True,22.58064516129032,186,0.4742,45.90570719602977
94401,San Mateo,San Mateo,1835,1482,353,1217,25614,37,90,2,0,0,92,False,ChargePoint Network,19.945652173913043,741.0,0.5078060805258833,0.0716405090965878,True,20.276497695852534,191,0.5658,50.52286423254165
94402,San Mateo,San Mateo,3308,2688,620,2332,21607,61,103,20,0,8,123,False,ChargePoint Network,26.89430894308943,134.4,0.41852487135506,0.15309853288286204,True,29.953917050691242,170,0.4161,45.10516365355075
94403,San Mateo,San Mateo,4286,3542,744,2896,32926,138,276,118,0,104,394,False,ChargePoint Network,10.878172588832488,30.016949152542374,0.4799723756906078,0.13017068578023447,True,8.755760368663594,216,0.4747,39.20694001339163
94404,Foster City,San Mateo,4455,3748,707,3041,26897,73,160,30,0,12,190,False,ChargePoint Network,23.44736842105263,124.93333333333334,0.46497862545215396,0.16563185485370116,True,24.42396313364055,182,0.4883,47.68206703690575
94501,Alameda,Alameda,4604,3540,1064,3245,40436,25,45,29,0,12,74,False,ChargePoint Network,62.21621621621622,122.06896551724138,0.41879815100154083,0.11385893758037392,True,59.44700460829493,106,0.5603,69.253416834062
94502,Alameda,Alameda,1627,1261,366,1210,10497,26,50,0,0,0,50,False,ChargePoint Network,32.54,,0.34462809917355375,0.15499666571401352,True,35.944700460829495,157,0.1402,20.96380322186774
94503,American Canyon,Napa,1442,1168,274,914,18756,19,34,0,0,0,34,False,ChargePoint Network,42.411764705882355,,0.5776805251641137,0.07688206440605673,True,48.38709677419355,130,0.2571,32.95423214778054
94505,Discovery Bay,Contra Costa,1004,783,221,731,12545,0,0,0,0,0,0,True,,,,0.37346101231190154,0.08003188521323236,True,100.0,13,0.0984,51.06837606837607
94506,Blackhawk,Contra Costa,4282,3632,650,3015,20911,2,2,16,0,16,18,False,Tesla,237.88888888888889,227.0,0.42023217247097855,0.2047726077184257,True,89.86175115207374,40,0.119,46.64027728543858
94507,Alamo,Contra Costa,2332,1830,502,1723,13950,2,2,16,0,16,18,False,Tesla,129.55555555555554,114.375,0.3534532791642484,0.167168458781362,True,76.49769585253456,69,0.0814,38.88987356729292
94508,Angwin,Napa,147,102,45,100,2080,1,2,0,0,0,2,False,Tesla Destination,73.5,,0.47,0.07067307692307692,False,,,0.381,
94509,Antioch,Contra Costa,1658,1250,408,997,46976,14,20,21,0,0,41,False,ChargePoint Network,40.4390243902439,59.523809523809526,0.6629889669007021,0.03529461852861036,True,47.465437788018434,132,0.4201,54.07459923588956
94510,Benicia,Solano,1861,1344,517,1366,23601,6,8,16,0,16,24,False,Tesla,77.54166666666667,84.0,0.36237188872620796,0.07885259099190713,True,67.2811059907834,89,0.3051,50.093544448383156
94511,Bethel Island,Contra Costa,116,94,22,82,1826,0,0,0,0,0,0,True,,,,0.41463414634146334,0.06352683461117196,False,,,0.3581,
94512,Solano,Solano,1,1,0,1,110,0,0,0,0,0,0,True,,,,0.0,0.00909090909090909,False,,,1.0,
94513,Brentwood,Contra Costa,4806,3929,877,3288,54316,28,59,32,0,16,91,False,ChargePoint Network,52.81318681318681,122.78125,0.4616788321167884,0.08848221518521246,True,55.76036866359447,114,0.1808,32.58103903265194
94514,Byron,Contra Costa,18,11,7,10,1242,1,2,0,0,0,2,False,Non-Networked,9.0,,0.8,0.014492753623188406,False,,,0.3958,
94515,Calistoga,Sonoma,363,280,83,235,5665,13,28,0,0,0,28,False,Tesla Destination,12.964285714285714,,0.5446808510638297,0.06407766990291262,True,11.059907834101383,211,0.4562,38.222261609358384
94516,Contra Costa,Contra Costa,22,16,6,16,194,0,0,0,0,0,0,True,,,,0.375,0.1134020618556701,False,,,0.2763,
94517,Clayton,Contra Costa,856,673,183,587,10601,0,0,0,0,0,0,True,,,,0.45826235093696766,0.08074709933025186,True,100.0,14,0.1084,51.282051282051285
94518,Concord,Contra Costa,1437,1111,326,947,20668,0,0,0,0,0,0,True,,,,0.5174234424498416,0.06952777240178053,True,100.0,9,0.3069,66.88034188034189
94519,Concord,Contra Costa,860,641,219,525,14491,2,2,4,0,0,6,False,Electrify America,143.33333333333334,160.25,0.638095238095238,0.05934718100890208,True,78.80184331797236,64,0.2905,53.076135334199854
94520,Concord,Contra Costa,1135,833,302,740,29377,20,30,63,0,35,93,False,Tesla,12.204301075268818,13.222222222222221,0.5337837837837838,0.03863566735881812,True,10.138248847926267,213,0.6248,47.37681673165544
94521,Concord,Contra Costa,2309,1785,524,1524,32058,6,7,17,0,8,24,False,Tesla,96.20833333333333,105.0,0.5150918635170603,0.07202570341256473,True,69.5852534562212,84,0.2575,43.76698570246957
94523,Pleasant Hill,Contra Costa,2577,1979,598,1713,26573,23,42,15,0,0,57,False,ChargePoint Network,45.21052631578947,131.93333333333334,0.5043782837127846,0.09697813570165205,True,51.61290322580645,123,0.3768,49.52440033085194
94525,Crockett,Contra Costa,129,92,37,104,2507,0,0,0,0,0,0,True,,,,0.24038461538461542,0.05145592341443957,False,,,0.4353,
94526,Danville,Contra Costa,3882,3134,748,2735,27832,5,9,1,0,0,10,False,EVCS,388.2,3134.0,0.4193784277879342,0.1394797355561943,True,94.00921658986175,31,0.1586,50.637086927409506
94528,Diablo,Contra Costa,167,125,42,124,968,0,0,0,0,0,0,True,,,,0.346774193548387,0.1725206611570248,False,,,0.0,
94530,El Cerrito,Contra Costa,2388,1696,692,1658,18080,7,10,26,0,14,36,False,Tesla,66.33333333333333,65.23076923076923,0.44028950542822676,0.13207964601769911,True,62.21198156682027,100,0.4076,59.09744377486312
94531,Antioch,Contra Costa,2784,2308,476,1680,36852,2,0,20,0,10,20,False,Tesla,139.2,115.4,0.6571428571428573,0.0755454249430153,True,78.3410138248848,65,0.2682,49.426917168852654
94533,Fairfield,Solano,2753,2194,559,1715,58336,19,38,73,0,12,111,False,EVCS,24.8018018018018,30.054794520547944,0.6052478134110788,0.04719212835984641,True,26.26728110599078,178,0.4414,44.11654653590137
94534,Fairfield,Solano,3169,2580,589,2221,35855,34,59,66,0,44,125,False,ChargePoint Network,25.352,39.09090909090909,0.42683475911751456,0.08838376795426021,True,27.64976958525346,175,0.223,21.517192484934423
94535,Fairfield,Solano,96,74,22,69,1514,0,0,0,0,0,0,True,,,,0.3913043478260869,0.06340819022457067,False,,,0.9886,
94536,Fremont,Alameda,7055,5999,1056,4861,49244,4,4,15,0,12,19,False,Tesla,371.3157894736842,399.93333333333334,0.4513474593704998,0.14326618471285843,True,93.54838709677419,32,0.4139,76.04769782189138
94538,Fremont,Alameda,13172,12209,963,8311,57739,77,124,85,0,60,209,False,ChargePoint Network,63.02392344497608,143.63529411764705,0.5848874984959691,0.22813003342628033,True,60.36866359447005,104,0.5526,69.18005829296152
94539,Fremont,Alameda,9847,8419,1428,7191,42077,21,63,11,0,8,74,False,Blink Network,133.06756756756758,765.3636363636364,0.36935057711027675,0.23402333816574375,True,76.95852534562212,68,0.2101,45.103194296742686
94541,Hayward,Alameda,2810,2217,593,1838,47430,7,23,42,0,16,65,False,eVgo Network,43.23076923076923,52.785714285714285,0.528835690968444,0.05924520345772718,True,48.8479262672811,129,0.5331,62.45815116782859
94542,Hayward,Alameda,1586,1324,262,1143,10934,26,52,0,0,0,52,False,ChargePoint Network,30.5,,0.38757655293088367,0.14505213096762393,True,33.6405529953917,162,0.2741,28.145062822482174
94544,Hayward,Alameda,4364,3733,631,2947,58490,51,97,41,0,20,138,False,ChargePoint Network,31.6231884057971,91.04878048780488,0.48082796063793687,0.07461104462301248,True,35.02304147465438,159,0.4376,48.28075150655796
94545,Hayward,Alameda,2052,1674,378,1439,28085,33,66,12,0,12,78,False,ChargePoint Network,26.307692307692307,139.5,0.42599027102154263,0.07306391312088303,True,29.03225806451613,172,0.2891,27.5503170664461
94546,Castro Valley,Alameda,3129,2469,660,2220,34550,9,10,7,0,0,17,False,ChargePoint Network,184.05882352941177,352.7142857142857,0.4094594594594594,0.0905643994211288,True,84.33179723502305,52,0.337,62.03769348930639
94547,Hercules,Contra Costa,2168,1734,434,1523,20736,2,1,14,0,0,15,False,Electrify America,144.53333333333333,123.85714285714286,0.42350623768877216,0.10455246913580248,True,79.26267281105991,63,0.2078,45.82791760211116
94548,Knightsen,Contra Costa,14,11,3,7,556,0,0,0,0,0,0,True,,,,1.0,0.025179856115107913,False,,,0.0,
94549,Lafayette,Contra Costa,4098,3168,930,2986,23010,5,10,0,0,0,10,False,ChargePoint Network,409.8,,0.37240455458807764,0.17809647979139503,True,94.47004608294931,30,0.2113,54.07262987908149
94550,Livermore,Alameda,3967,3181,786,2794,40354,22,34,19,0,8,53,False,ChargePoint Network,74.84905660377359,167.42105263157896,0.41982820329277026,0.09830500074342073,True,65.43778801843318,93,0.265,42.65479144511403
94551,Livermore,Alameda,2687,2183,504,1858,35734,40,74,136,0,88,210,False,Tesla,12.795238095238096,16.051470588235293,0.44617868675995687,0.07519449264006269,True,10.599078341013826,212,0.2937,19.829453700421446
94552,Castro Valley,Alameda,1989,1632,357,1475,12492,0,0,0,0,0,0,True,,,,0.3484745762711865,0.15922190201729106,True,100.0,5,0.0681,50.427350427350426
94553,Martinez,Contra Costa,2817,2097,720,1822,40961,36,43,22,0,16,65,False,ChargePoint Network,43.33846153846154,95.31818181818181,0.5461031833150385,0.06877273504064842,True,49.30875576036866,128,0.2771,36.62018984599629
94555,Fremont,Alameda,4503,3873,630,3240,25070,13,23,0,0,0,23,False,ChargePoint Network,195.7826086956522,,0.38981481481481484,0.17961707219784603,True,84.7926267281106,51,0.2895,55.85785182559376
94556,Moraga,Contra Costa,2019,1520,499,1432,12181,8,15,0,0,0,15,False,ChargePoint Network,134.6,,0.4099162011173185,0.16574993842870042,True,77.41935483870968,67,0.1712,42.98318169285911
94558,Napa,Napa,3526,2664,862,2461,54598,62,164,66,0,44,230,False,ChargePoint Network,15.330434782608696,40.36363636363637,0.432750914262495,0.06458112018755266,True,16.129032258064516,200,0.3254,26.440584505100638
94559,Napa,Napa,1444,1060,384,1004,21951,59,136,0,0,0,136,False,ChargePoint Network,10.617647058823529,,0.4382470119521913,0.06578288005102273,True,8.294930875576037,217,0.5097,41.11327740359999
94560,Newark,Alameda,5344,4617,727,3562,38575,28,51,77,0,62,128,False,Tesla,41.75,59.96103896103896,0.5002807411566537,0.1385353208036293,True,47.926267281105986,131,0.3061,40.629800307219654
94561,Oakley,Contra Costa,2185,1767,418,1398,36543,16,27,18,0,0,45,False,ChargePoint Network,48.55555555555556,98.16666666666667,0.5629470672389127,0.05979257313302137,True,52.53456221198156,121,0.2208,33.53223837094804
94562,Oakville,Napa,21,15,6,15,246,1,4,0,0,0,4,False,Tesla Destination,5.25,,0.3999999999999999,0.08536585365853659,False,,,,
94563,Orinda,Contra Costa,3578,2799,779,2721,16533,1,6,0,0,0,6,False,Tesla Destination,596.3333333333334,,0.3149577361264242,0.21641565354140205,True,97.23502304147466,24,0.088,49.47221237543818
94564,Pinole,Contra Costa,1074,760,314,738,15295,3,2,22,0,16,24,False,Tesla,44.75,34.54545454545455,0.4552845528455285,0.07021902582543314,True,50.23041474654379,126,0.2055,31.098113356177876
94565,Pittsburg,Contra Costa,3502,2794,708,2170,72484,20,38,8,0,0,46,False,ChargePoint Network,76.1304347826087,349.25,0.6138248847926266,0.04831411070029248,True,65.89861751152074,92,0.3915,58.16298396943559
94566,Pleasanton,Alameda,5751,4726,1025,4153,35572,30,55,35,0,28,90,False,ChargePoint Network,63.9,135.02857142857144,0.3847820852395858,0.16167210165298548,True,60.82949308755761,103,0.2936,44.73098586001812
94567,Napa,Napa,29,21,8,19,494,0,0,0,0,0,0,True,,,,0.5263157894736843,0.058704453441295545,False,,,0.3772,
94568,Dublin,Alameda,10666,9370,1296,7639,49303,74,205,83,0,76,288,False,ChargePoint Network,37.03472222222222,112.89156626506023,0.39625605445738965,0.21633571993590653,True,42.857142857142854,142,0.3434,42.15506715506716
94569,Port Costa,Contra Costa,6,4,2,4,186,0,0,0,0,0,0,True,,,,0.5,0.03225806451612903,False,,,0.4381,
94571,Rio Vista,Solano,494,363,131,328,9448,2,4,1,0,0,5,False,EV Connect,98.8,363.0,0.5060975609756098,0.05228619813717189,True,71.42857142857143,80,0.1813,40.62881562881563
94572,Rodeo,Contra Costa,379,272,107,270,7240,0,0,0,0,0,0,True,,,,0.4037037037037037,0.052348066298342544,True,100.0,15,0.4103,78.41880341880342
94573,Rutherford,Napa,41,33,8,44,529,5,21,0,0,0,21,False,RED_E,1.9523809523809523,,-0.06818181818181823,0.07750472589792061,False,,,0.4028,
94574,St. Helena,Napa,584,451,133,424,7086,26,49,0,0,0,49,False,Tesla Destination,11.918367346938776,,0.37735849056603765,0.08241603161162857,True,9.216589861751153,215,0.3401,24.69376501634566
94575,Moraga,Contra Costa,2,2,0,1,61,0,0,0,0,0,0,True,,,,1.0,0.03278688524590164,False,,,,
94576,Deer Park,Napa,8,2,6,4,125,0,0,0,0,0,0,True,,,,1.0,0.064,False,,,0.0,
94577,San Leandro,Alameda,2464,1859,605,1688,36460,8,25,23,0,12,48,False,Tesla,51.333333333333336,80.82608695652173,0.4597156398104265,0.0675809105869446,True,54.83870967741935,116,0.4449,59.0432864626413
94578,San Leandro,Alameda,1519,1185,334,972,26341,7,11,4,0,0,15,False,ChargePoint Network,101.26666666666667,296.25,0.5627572016460904,0.057666755248471965,True,72.35023041474655,78,0.5587,75.49135452361259
94579,San Leandro,Alameda,1314,1062,252,886,16938,7,12,0,0,0,12,False,ChargePoint Network,109.5,,0.4830699774266365,0.077577045696068,True,73.73271889400922,75,0.2625,46.481744062389225
94580,San Lorenzo,Alameda,1317,1039,278,862,22397,4,6,0,0,0,6,False,ChargePoint Network,219.5,,0.5278422273781902,0.058802518194401035,True,88.0184331797235,44,0.281,56.61605419669936
94582,San Ramon,Contra Costa,8254,7216,1038,6082,33498,8,16,2,0,0,18,False,ChargePoint Network,458.55555555555554,3608.0,0.3571193686287406,0.24640277031464566,True,95.85253456221197,27,0.2967,63.31088266572137
94583,San Ramon,Contra Costa,4643,3904,739,3249,31502,23,100,95,0,84,195,False,Tesla,23.81025641025641,41.09473684210526,0.4290550938750384,0.14738746746238335,True,25.34562211981567,180,0.2791,25.065973453070228
94585,Suisun City,Solano,921,728,193,581,22302,7,19,28,0,0,47,False,EVCS,19.595744680851062,26.0,0.5851979345955249,0.041296744686575196,True,19.35483870967742,193,0.3959,35.74579542321478
94586,Sunol,Alameda,94,74,20,66,981,0,0,0,0,0,0,True,,,,0.4242424242424243,0.09582059123343527,False,,,0.1693,
94587,Union City,Alameda,5566,4663,903,3866,51662,31,47,25,0,12,72,False,ChargePoint Network,77.30555555555556,186.52,0.4397309881013969,0.10773876350121947,True,66.82027649769586,90,0.3533,54.99133483004451
94588,Pleasanton,Alameda,3984,3289,695,2822,26557,52,123,76,0,46,199,False,ChargePoint Network,20.020100502512562,43.276315789473685,0.41176470588235303,0.15001694468501714,True,20.737327188940093,190,0.3686,33.23191145771791
94589,Vallejo,Solano,758,566,192,499,22480,3,6,0,0,0,6,False,ChargePoint Network,126.33333333333333,,0.5190380761523046,0.03371886120996441,True,76.036866359447,70,0.4042,65.36886053015085
94590,Vallejo,Solano,1008,738,270,651,25065,23,32,36,0,20,68,False,ChargePoint Network,14.823529411764707,20.5,0.5483870967741935,0.04021543985637343,True,13.36405529953917,206,0.5756,47.28031824806018
94591,Vallejo,Solano,2671,2077,594,1849,42515,8,8,42,0,36,50,False,Tesla,53.42,49.45238095238095,0.4445646295294754,0.0628248853345878,True,57.6036866359447,110,0.3324,48.2462877624168
94592,Vallejo,Solano,107,82,25,90,921,2,7,0,0,0,7,False,Blink Network,15.285714285714286,,0.18888888888888888,0.11617806731813246,False,,,0.1921,
94595,Walnut Creek,Contra Costa,1546,1118,428,1105,13511,2,0,10,0,0,10,False,eVgo Network,154.6,111.8,0.3990950226244343,0.1144252831026571,True,81.10599078341014,59,0.1814,45.68120051991019
94596,Walnut Creek,Contra Costa,2096,1656,440,1511,17469,30,57,33,0,24,90,False,ChargePoint Network,23.288888888888888,50.18181818181818,0.38716082064857704,0.11998397160684642,True,23.963133640552993,183,0.5644,52.15250699121667
94597,Walnut Creek,Contra Costa,1891,1473,418,1308,17093,17,34,18,0,12,52,False,ChargePoint Network,36.36538461538461,81.83333333333333,0.44571865443425085,0.11063008248990815,True,41.935483870967744,144,0.536,59.215605183347115
94598,Walnut Creek,Contra Costa,2907,2279,628,2037,21118,24,41,24,0,24,65,False,ChargePoint Network,44.723076923076924,94.95833333333333,0.42709867452135497,0.13765508097357704,True,49.76958525345622,127,0.237,33.21812596006144
94599,Yountville,Napa,175,123,52,115,2108,8,17,0,0,0,17,False,ChargePoint Network,10.294117647058824,,0.5217391304347827,0.08301707779886149,False,,,0.3246,
94601,Oakland,Alameda,1105,766,339,695,28460,0,0,0,0,0,0,True,,,,0.5899280575539569,0.03882642304989459,True,100.0,12,0.6362,93.16239316239316
94602,Oakland,Alameda,2334,1736,598,1701,18666,2,2,8,0,0,10,False,eVgo Network,233.4,217.0,0.3721340388007055,0.1250401800064288,True,88.94009216589862,42,0.3977,71.17944779235103
94603,Oakland,Alameda,582,426,156,345,22828,1,0,8,0,0,8,False,eVgo Network,72.75,53.25,0.6869565217391305,0.025495006132819343,True,64.51612903225806,95,0.5211,69.86490212296664
94605,Oakland,Alameda,2298,1749,549,1632,27007,3,3,0,0,0,3,False,ChargePoint Network,766.0,,0.40808823529411775,0.08508905098678121,True,97.6958525345622,23,0.3709,72.13852455787939
94606,Oakland,Alameda,1246,887,359,769,20032,5,8,3,0,0,11,False,ChargePoint Network,113.27272727272727,295.6666666666667,0.6202860858257477,0.06220047923322684,True,74.19354838709677,74,0.7982,84.96002205679625
94607,Oakland,Alameda,1293,1021,272,898,12944,157,369,28,0,12,397,False,ChargePoint Network,3.256926952141058,36.464285714285715,0.43986636971046766,0.09989184177997527,True,0.9216589861751152,233,0.6989,46.401000433258496
94608,Oakland,Alameda,1962,1493,469,1320,17551,23,39,39,0,24,78,False,ChargePoint Network,25.153846153846153,38.282051282051285,0.48636363636363633,0.11178850207965359,True,26.72811059907834,177,0.6889,58.66320059868447
94609,Oakland,Alameda,1156,817,339,829,11323,17,29,2,0,0,31,False,ChargePoint Network,37.29032258064516,408.5,0.3944511459589868,0.10209308487150048,True,43.31797235023041,141,0.6706,66.10343061955965
94610,Oakland,Alameda,2461,1808,653,1895,17533,0,0,0,0,0,0,True,,,,0.29868073878627976,0.14036388524496662,True,100.0,2,0.6198,92.09401709401709
94611,Oakland,Alameda,5202,3884,1318,3978,26842,5,9,0,0,0,9,False,ChargePoint Network,578.0,,0.3076923076923077,0.1938007600029804,True,96.7741935483871,25,0.394,74.2417976288944
94612,Oakland,Alameda,952,750,202,687,9113,60,188,37,4,0,225,False,ChargePoint Network,4.231111111111111,20.27027027027027,0.3857350800582242,0.10446614726215298,True,2.7649769585253456,229,0.9138,50.95513805191225
94613,Oakland,Alameda,1,1,0,0,49,0,0,0,0,0,0,True,,,,,0.02040816326530612,False,,,,
94618,Oakland,Alameda,2197,1610,587,1710,10871,0,0,0,0,0,0,True,,,,0.2847953216374268,0.20209732315334375,True,100.0,4,0.3261,68.58974358974359
94619,Oakland,Alameda,1677,1195,482,1249,15944,1,4,0,0,0,4,False,Blink Network,419.25,,0.3426741393114492,0.10518063221274461,True,94.93087557603687,29,0.3034,63.70475402733467
94621,Oakland,Alameda,594,401,193,417,21708,15,73,17,0,16,90,False,POWERFLEX,6.6,23.58823529411765,0.4244604316546763,0.02736318407960199,True,5.0691244239631335,224,0.636,45.483280160699515
94702,Berkeley,Alameda,1313,950,363,896,9937,3,6,0,0,0,6,False,ChargePoint Network,218.83333333333334,,0.4654017857142858,0.1321324343363188,True,87.55760368663594,45,0.4875,79.03521209972823
94703,Berkeley,Alameda,1178,820,358,846,10026,0,0,0,0,0,0,True,,,,0.39243498817966893,0.11749451426291642,True,100.0,11,0.5924,91.45299145299145
94704,Berkeley,Alameda,485,359,126,347,5526,78,143,0,0,0,143,False,ChargePoint Network,3.3916083916083917,,0.3976945244956773,0.08776692001447702,True,1.3824884792626728,232,0.876,49.83654338493048
94705,Oakland,Alameda,1658,1227,431,1242,8638,7,10,4,0,0,14,False,ChargePoint Network,118.42857142857143,306.75,0.3349436392914653,0.19194257930076405,True,74.65437788018433,73,0.406,65.10496671786994
94706,Albany,Alameda,1584,1155,429,1149,11261,2,7,0,0,0,7,False,LOOP,226.28571428571428,,0.3785900783289817,0.14066246336915017,True,88.47926267281106,43,0.467,78.2139903107645
94707,Berkeley,Alameda,1913,1386,527,1502,9312,1,0,2,0,0,2,False,NOODOE,956.5,693.0,0.2736351531291612,0.20543384879725085,True,99.07834101382488,20,0.1253,51.67592264366458
94708,Berkeley,Contra Costa,1819,1342,477,1366,8167,0,0,0,0,0,0,True,,,,0.33162518301610544,0.22272560303661076,True,100.0,7,0.1496,53.41880341880342
94709,Berkeley,Alameda,489,345,144,375,4735,2,3,0,0,0,3,False,AMPUP,163.0,,0.30400000000000005,0.10327349524815206,True,82.48847926267281,56,0.7574,88.46646185355863
94710,Berkeley,Alameda,599,459,140,427,5213,14,38,39,0,0,77,False,Blink Network,7.779220779220779,11.76923076923077,0.4028103044496487,0.11490504507960866,True,6.451612903225806,221,0.6317,45.74717397298043
94720,Berkeley,Alameda,2,2,0,5,65,2,27,0,0,0,27,False,CHARGELAB,0.07407407407407407,,-0.6,0.03076923076923077,False,,,0.7523,
94801,Richmond,Contra Costa,853,643,210,562,22477,2,4,0,0,0,4,False,ChargePoint Network,213.25,,0.5177935943060499,0.03794990434666548,True,86.63594470046083,47,0.5152,80.49745952971759
94803,Richmond,Contra Costa,1680,1261,419,1126,20256,0,0,0,0,0,0,True,,,,0.49200710479573706,0.08293838862559241,True,100.0,8,0.2716,60.8974358974359
94804,Richmond,Contra Costa,1925,1438,487,1298,30918,16,34,29,0,28,63,False,Tesla,30.555555555555557,49.58620689655172,0.48305084745762716,0.06226146581279514,True,34.10138248847927,161,0.4639,50.597699791248175
94805,Richmond,Contra Costa,856,604,252,572,10524,1,0,4,0,0,4,False,Electrify America,214.0,151.0,0.49650349650349646,0.08133789433675409,True,87.09677419354838,46,0.3364,63.20650675489385
94806,Richmond,Contra Costa,2034,1491,543,1322,43945,20,32,7,0,0,39,False,ChargePoint Network,52.15384615384615,213.0,0.5385779122541603,0.0462851291386961,True,55.29953917050692,115,0.5009,63.760880696364566
94901,San Rafael,Marin,3294,2453,841,2295,33947,29,54,8,0,8,62,False,ChargePoint Network,53.12903225806452,306.625,0.43529411764705883,0.09703361121748608,True,56.22119815668203,113,0.4899,63.79435976210169
94903,San Rafael,Marin,2824,2113,711,1980,24243,41,127,2,0,0,129,False,ChargePoint Network,21.891472868217054,1056.5,0.42626262626262634,0.11648723342820608,True,22.119815668202765,187,0.342,31.572728346921892
94904,Kentfield,Marin,1791,1388,403,1302,9930,4,26,14,0,14,40,False,Blink Network,44.775,99.14285714285714,0.37557603686635943,0.18036253776435046,True,50.69124423963134,125,0.3717,48.84989562408917
94920,Tiburon,Marin,2231,1756,475,1598,10318,12,23,0,0,0,23,False,ChargePoint Network,97.0,,0.3961201501877347,0.21622407443302966,True,70.04608294930875,83,0.2775,47.20252865414156
94922,Bodega,Sonoma,27,21,6,18,530,0,0,0,0,0,0,True,,,,0.5,0.0509433962264151,False,,,0.0,
94923,Bodega Bay,Sonoma,129,103,26,100,1521,1,0,8,0,0,8,False,EVCS,16.125,12.875,0.29000000000000004,0.08481262327416174,False,,,0.2713,
94924,Bolinas,Marin,84,60,24,64,1029,0,0,0,0,0,0,True,,,,0.3125,0.08163265306122448,False,,,0.242,
94925,Corte Madera,Marin,1281,1028,253,892,7836,8,17,16,0,10,33,False,Tesla,38.81818181818182,64.25,0.43609865470852016,0.16347626339969373,True,45.16129032258064,137,0.3117,39.67466225530741
94928,Rohnert Park,Sonoma,1753,1304,449,1135,37394,51,83,31,0,12,114,False,ChargePoint Network,15.37719298245614,42.064516129032256,0.5444933920704846,0.04687917847783067,True,16.589861751152075,199,0.5014,44.61971720036236
94929,Dillon Beach,Marin,19,13,6,13,157,1,1,0,0,0,1,False,Blink Network,19.0,,0.46153846153846145,0.12101910828025478,False,,,0.1679,
94930,Fairfax,Marin,815,570,245,556,6725,3,6,0,0,0,6,False,ChargePoint Network,135.83333333333334,,0.4658273381294964,0.12118959107806691,True,77.88018433179722,66,0.3021,54.752057977864425
94931,Cotati,Sonoma,457,313,144,345,7984,5,5,12,0,12,17,False,Tesla,26.88235294117647,26.083333333333332,0.32463768115942027,0.05723947895791583,True,29.493087557603687,171,0.4084,42.95167198393005
94933,Lagunitas-Forest Knolls,Marin,57,44,13,46,756,0,0,0,0,0,0,True,,,,0.23913043478260865,0.07539682539682539,False,,,0.2185,
94937,Inverness,Marin,132,99,33,107,938,1,4,0,0,0,4,False,Tesla Destination,33.0,,0.23364485981308403,0.14072494669509594,False,,,0.2633,
94938,Lagunitas-Forest Knolls,Marin,52,43,9,35,560,0,0,0,0,0,0,True,,,,0.48571428571428577,0.09285714285714286,False,,,0.3139,
94939,Larkspur,Marin,942,739,203,638,5473,32,55,14,0,0,69,False,ChargePoint Network,13.652173913043478,52.785714285714285,0.4764890282131662,0.17211766855472319,True,12.442396313364055,208,0.502,42.75965969514356
94940,Marin,Marin,18,11,7,17,143,0,0,0,0,0,0,True,,,,0.05882352941176472,0.1258741258741259,False,,,0.6186,
94941,Mill Valley,Marin,4580,3507,1073,3232,23721,10,13,18,0,12,31,False,Tesla,147.74193548387098,194.83333333333334,0.4170792079207921,0.1930778634964799,True,80.18433179723502,61,0.3184,57.82720863366025
94945,Novato,Marin,1436,1080,356,1020,15917,23,21,36,0,20,57,False,ChargePoint Network,25.19298245614035,30.0,0.40784313725490207,0.09021800590563549,True,27.188940092165897,176,0.2956,28.765410217023117
94946,Nicasio,Marin,96,83,13,72,604,0,0,0,0,0,0,True,,,,0.33333333333333326,0.15894039735099338,False,,,0.1849,
94947,Novato,Marin,1696,1249,447,1142,20723,9,11,16,0,8,27,False,ChargePoint Network,62.81481481481482,78.0625,0.4851138353765323,0.08184143222506395,True,59.907834101382484,105,0.295,44.9111820079562
94949,Novato,Marin,1564,1190,374,1097,14978,10,23,0,0,0,23,False,ChargePoint Network,68.0,,0.4257064721969006,0.10441981572973695,True,63.133640552995395,98,0.3691,54.643743353420774
94950,Marin,Marin,11,9,2,7,78,2,1,6,0,6,7,False,Tesla,1.5714285714285714,1.5,0.5714285714285714,0.14102564102564102,False,,,0.0,
94951,Penngrove,Sonoma,293,213,80,227,3998,0,0,0,0,0,0,True,,,,0.29074889867841414,0.07328664332166084,True,100.0,17,0.2861,62.82051282051282
94952,Bloomfield,Marin,2585,1885,700,1819,28387,20,31,38,0,20,69,False,ChargePoint Network,37.46376811594203,49.60526315789474,0.4211105002748763,0.09106281044139923,True,43.77880184331797,140,0.3966,48.38512741738548
94954,Petaluma,Sonoma,2049,1487,562,1395,32007,18,90,16,0,0,106,False,POWERFLEX,19.330188679245282,92.9375,0.4688172043010752,0.06401724622738776,True,18.89400921658986,194,0.3266,28.250423411713733
94956,Inverness,Marin,106,71,35,84,1297,3,9,0,0,0,9,False,Tesla Destination,11.777777777777779,,0.26190476190476186,0.08172706245181187,False,,,0.3491,
94957,Ross,Marin,438,321,117,328,1927,2,3,0,0,0,3,False,ChargePoint Network,146.0,,0.33536585365853666,0.22729631551634666,True,79.72350230414746,62,0.1353,42.63952892985151
94960,Sleepy Hollow,Marin,1922,1432,490,1371,11838,16,28,8,0,8,36,False,ChargePoint Network,53.388888888888886,179.0,0.4018964259664479,0.1623585065044771,True,57.14285714285714,111,0.2748,40.10989010989011
94963,San Geronimo,Marin,71,54,17,50,511,0,0,0,0,0,0,True,,,,0.41999999999999993,0.13894324853228962,False,,,0.0837,
94964,Corte Madera,Marin,16,16,0,11,232,0,0,0,0,0,0,True,,,,0.4545454545454546,0.06896551724137931,False,,,0.5539,
94965,Sausalito,Marin,1204,922,282,861,8486,11,23,18,0,16,41,False,Tesla,29.365853658536587,51.22222222222222,0.39837398373983746,0.14188074475606882,True,31.797235023041477,166,0.4433,47.30887392177715
94970,Stinson Beach,Marin,48,33,15,33,504,3,12,0,0,0,12,False,Non-Networked,4.0,,0.4545454545454546,0.09523809523809523,False,,,0.0417,
94971,Dillon Beach,Marin,28,21,7,24,321,0,0,0,0,0,0,True,,,,0.16666666666666674,0.08722741433021806,False,,,0.1558,
94972,Bodega,Sonoma,13,11,2,9,279,0,0,0,0,0,0,True,,,,0.4444444444444444,0.04659498207885305,False,,,,
94973,Woodacre,Marin,158,98,60,116,1283,0,0,0,0,0,0,True,,,,0.3620689655172413,0.12314886983632112,False,,,0.0836,
95002,San Jose,Santa Clara,128,106,22,89,1674,6,11,0,0,0,11,False,ChargePoint Network,11.636363636363637,,0.4382022471910112,0.07646356033452807,False,,,0.2668,
95008,Campbell,Santa Clara,4789,3877,912,3365,37251,62,150,15,0,0,165,False,ChargePoint Network,29.024242424242424,258.46666666666664,0.4231797919762259,0.1285603071058495,True,31.336405529953915,167,0.5038,52.42033951711372
95013,San Jose,Santa Clara,4,3,1,3,129,0,0,0,0,0,0,True,,,,0.33333333333333326,0.031007751937984496,False,,,0.1905,
95014,Cupertino,Santa Clara,9512,8046,1466,6597,42735,81,189,52,0,38,241,False,ChargePoint Network,39.468879668049794,154.73076923076923,0.4418675155373655,0.22258102258102258,True,45.622119815668206,136,0.4127,51.87088896766316
95020,Gilroy,Santa Clara,4203,3311,892,3042,54103,29,35,88,0,68,123,False,Tesla,34.170731707317074,37.625,0.3816568047337279,0.07768515609115946,True,37.78801843317972,153,0.3619,40.90255622513687
95030,Los Gatos,Santa Clara,2542,2095,447,1948,11687,16,36,3,0,0,39,False,ChargePoint Network,65.17948717948718,698.3333333333334,0.3049281314168377,0.21750663129973474,True,61.29032258064516,102,0.2099,37.05541770057899
95032,Los Gatos,Santa Clara,4512,3676,836,3261,22416,10,16,32,0,28,48,False,Tesla,94.0,114.875,0.3836246550137994,0.2012847965738758,True,68.66359447004609,86,0.3456,55.4856433888692
95035,Milpitas,Santa Clara,9146,7965,1181,6349,59518,83,188,146,0,113,334,False,Tesla,27.38323353293413,54.554794520547944,0.4405418176090723,0.15366779797708258,True,30.414746543778804,169,0.4155,45.12190318641932
95037,San Jose,Santa Clara,5393,4265,1128,3961,44988,19,33,22,0,14,55,False,ChargePoint Network,98.05454545454545,193.86363636363637,0.36152486745771273,0.11987641148750779,True,70.50691244239631,82,0.2939,49.9970459647879
95046,San Martin,Santa Clara,365,261,104,285,6407,4,10,0,0,0,10,False,ChargePoint Network,36.5,,0.2807017543859649,0.05696894022163259,True,42.3963133640553,143,0.2426,29.745165229036196
95050,Santa Clara,Santa Clara,3270,2732,538,2086,28865,42,122,14,0,0,136,False,ChargePoint Network,24.044117647058822,195.14285714285714,0.5675934803451581,0.1132859864888273,True,25.806451612903224,179,0.5853,54.142542045767854
95051,Santa Clara,Santa Clara,6916,5932,984,4560,45625,18,30,14,0,0,44,False,ChargePoint Network,157.1818181818182,423.7142857142857,0.5166666666666666,0.15158356164383563,True,81.5668202764977,58,0.5614,80.52699988183859
95053,Santa Clara,Santa Clara,4,3,1,0,47,5,10,0,0,0,10,False,ChargePoint Network,0.4,,,0.0851063829787234,False,,,1.0,
95054,Santa Clara,Santa Clara,3480,3060,420,2254,19959,323,689,48,0,16,737,False,ChargePoint Network,4.721845318860244,63.75,0.543921916592724,0.17435743273711107,True,3.686635944700461,227,0.6741,46.715112844145104
95070,Saratoga,Santa Clara,6737,5648,1089,4923,27494,16,146,21,0,0,167,False,POWERFLEX,40.34131736526946,268.95238095238096,0.3684745074141784,0.24503528042481995,True,47.004608294930875,133,0.1336,26.066406711568
95110,San Jose,Santa Clara,1215,1007,208,788,14858,80,179,18,0,12,197,False,ChargePoint Network,6.16751269035533,55.94444444444444,0.5418781725888324,0.08177412841566832,True,4.6082949308755765,225,0.5986,43.97081413210446
95111,San Jose,Santa Clara,2841,2308,533,1988,43984,2,2,6,0,0,8,False,eVgo Network,355.125,384.6666666666667,0.42907444668008043,0.06459166969807202,True,92.62672811059907,34,0.4012,73.23644097837646
95112,San Jose,Santa Clara,3013,2411,602,2070,39743,86,233,16,0,12,249,False,ChargePoint Network,12.100401606425702,150.6875,0.4555555555555555,0.07581209269556903,True,9.67741935483871,214,0.7359,51.63358147229115
95113,San Jose,Santa Clara,334,297,37,210,1773,62,131,0,0,0,131,False,ChargePoint Network,2.549618320610687,,0.5904761904761904,0.1883812746756909,True,0.4608294930875576,234,0.8635,49.16203867816771
95116,San Jose,Santa Clara,1425,1105,320,944,34309,2,2,4,0,0,6,False,Electrify America,237.5,276.25,0.5095338983050848,0.04153429129382961,True,89.40092165898618,41,0.5763,85.5124266414589
95117,San Jose,Santa Clara,1977,1595,382,1270,21164,52,146,2,0,0,148,False,ChargePoint Network,13.358108108108109,797.5,0.5566929133858267,0.09341334341334341,True,11.981566820276496,209,0.6437,49.58052699988184
95118,San Jose,Santa Clara,3026,2463,563,2084,24137,13,56,77,0,42,133,False,POWERFLEX,22.75187969924812,31.98701298701299,0.45201535508637236,0.12536769275386336,True,23.502304147465438,184,0.3829,36.32380164638229
95119,San Jose,Santa Clara,1188,974,214,884,8762,4,113,34,0,32,147,False,Blink Network,8.081632653061224,28.647058823529413,0.34389140271493224,0.13558548276649166,True,7.373271889400922,219,0.265,13.622533380597897
95120,San Jose,Santa Clara,6427,5172,1255,4864,31306,2,1,4,0,0,5,False,Electrify America,1285.4,1293.0,0.3213404605263157,0.20529610937200538,True,99.53917050691244,19,0.1093,51.265311749182715
95121,San Jose,Santa Clara,2838,2375,463,1988,29247,6,3,76,0,68,79,False,Tesla,35.924050632911396,31.25,0.4275653923541247,0.09703559339419428,True,40.09216589861751,148,0.2219,27.52471542794123
95122,San Jose,Santa Clara,1931,1567,364,1261,40606,5,6,32,0,24,38,False,Tesla,50.81578947368421,48.96875,0.5313243457573356,0.04755454858887849,True,53.91705069124424,118,0.4663,60.71920910630588
95123,San Jose,Santa Clara,5358,4300,1058,3728,49845,11,41,37,0,24,78,False,Tesla Destination,68.6923076923077,116.21621621621621,0.4372317596566524,0.10749322900993079,True,63.594470046082954,97,0.3934,57.438260664067116
95124,San Jose,Santa Clara,5847,4799,1048,4082,37710,5,72,8,0,8,80,False,POWERFLEX,73.0875,599.875,0.43238608525232736,0.15505171042163882,True,64.97695852534562,94,0.2915,46.3773681515617
95125,San Jose,Santa Clara,5625,4424,1201,4133,40724,5,7,20,0,12,27,False,Tesla,208.33333333333334,221.2,0.36099685458504727,0.1381249386111384,True,86.17511520737328,48,0.3887,67.87388239001143
95126,San Jose,Santa Clara,2871,2343,528,1955,25958,41,99,12,0,8,111,False,ChargePoint Network,25.864864864864863,195.25,0.4685421994884911,0.11060174127436628,True,28.57142857142857,173,0.6709,58.943833943833944
95127,San Jose,Santa Clara,2895,2334,561,1978,48109,3,12,32,0,12,44,False,EVOLV_CHARGING,65.79545454545455,72.9375,0.46359959555106167,0.06017585067243136,True,61.75115207373272,101,0.3467,52.243097404387726
95128,San Jose,Santa Clara,2738,2254,484,1759,25248,59,163,36,0,36,199,False,ChargePoint Network,13.758793969849247,62.611111111111114,0.556566230812962,0.10844423320659062,True,12.903225806451612,207,0.5526,45.4473393989523
95129,San Jose,Santa Clara,4844,4043,801,3314,28302,16,51,40,0,28,91,False,POWERFLEX,53.23076923076923,101.075,0.4616777308388653,0.17115398205073845,True,56.68202764976959,112,0.4143,57.828193312064286
95130,San Jose,Santa Clara,1379,1128,251,982,9963,0,0,0,0,0,0,True,,,,0.4042769857433808,0.13841212486198937,True,100.0,10,0.3594,71.7948717948718
95131,San Jose,Santa Clara,3212,2697,515,2262,25894,30,66,43,0,0,109,False,EVOLV_CHARGING,29.46788990825688,62.72093023255814,0.4199823165340406,0.12404418011894647,True,32.25806451612903,165,0.3819,40.48800661703888
95132,San Jose,Santa Clara,3597,3004,593,2490,31143,1,1,3,0,0,4,False,Electrify America,899.25,1001.3333333333334,0.4445783132530121,0.11549947018591658,True,98.61751152073732,21,0.2603,58.49678994840285
95133,San Jose,Santa Clara,2440,2091,349,1681,22865,37,55,6,0,0,61,False,ChargePoint Network,40.0,348.5,0.4515169541939321,0.10671331729717909,True,46.54377880184332,134,0.4456,55.10949623852849
95134,San Jose,Santa Clara,3564,3124,440,2300,18975,89,180,34,0,16,214,False,ChargePoint Network,16.654205607476637,91.88235294117646,0.5495652173913044,0.18782608695652173,True,17.972350230414747,196,0.8616,57.70412383315609
95135,San Jose,Santa Clara,3300,2762,538,2475,16263,9,16,0,0,0,16,False,ChargePoint Network,206.25,,0.33333333333333326,0.20291459140380003,True,85.71428571428571,49,0.1413,46.06227106227106
95136,San Jose,Santa Clara,3933,3260,673,2709,34955,5,2,34,0,27,36,False,Tesla,109.25,95.88235294117646,0.451827242524917,0.112516092118438,True,73.27188940092167,76,0.4106,65.26842333293946
95138,San Jose,Santa Clara,3187,2732,455,2451,15193,10,16,16,0,0,32,False,ChargePoint Network,99.59375,170.75,0.30028559771521834,0.20976765615744092,True,71.88940092165899,79,0.191,41.50025601638505
95139,San Jose,Santa Clara,681,544,137,486,5300,1,0,4,0,0,4,False,eVgo Network,170.25,136.0,0.4012345679012346,0.12849056603773584,True,83.41013824884793,54,0.2351,49.61105203040687
95140,Santa Clara,Santa Clara,38,29,9,29,363,0,0,0,0,0,0,True,,,,0.31034482758620685,0.1046831955922865,False,,,0.0,
95148,San Jose,Santa Clara,4177,3529,648,3076,36602,2,8,0,0,0,8,False,EVGATEWAY,522.125,,0.35793237971391423,0.11411944702475274,True,96.31336405529954,26,0.2044,53.92591279688054
95391,Mountain House,Alameda,4304,3867,437,3046,18157,1,12,0,0,0,12,False,Blink Network,358.6666666666667,,0.413000656598818,0.2370435644654954,True,93.08755760368663,33,0.2997,62.14206940013391
95401,Santa Rosa,Sonoma,1231,874,357,873,28662,17,26,32,0,20,58,False,ChargePoint Network,21.224137931034484,27.3125,0.41008018327605966,0.04294885213872026,True,21.658986175115206,188,0.4606,44.16282642089093
95403,Santa Rosa,Sonoma,2223,1598,625,1504,36013,24,73,6,0,0,79,False,ChargePoint Network,28.139240506329113,266.3333333333333,0.47805851063829796,0.06172770943825841,True,30.87557603686636,168,0.4522,47.70274528339045
95404,Santa Rosa,Sonoma,2671,1961,710,1865,31047,14,25,1,0,0,26,False,ChargePoint Network,102.73076923076923,1961.0,0.43217158176943693,0.08603085644345669,True,72.81105990783409,77,0.3907,61.405529953917046
95405,Santa Rosa,Sonoma,1248,865,383,918,16743,4,7,0,0,0,7,False,ChargePoint Network,178.28571428571428,,0.3594771241830066,0.07453861315176491,True,83.87096774193549,53,0.365,64.58505652054039
95407,Santa Rosa,Sonoma,1097,793,304,742,34580,32,58,10,0,0,68,False,ChargePoint Network,16.13235294117647,79.3,0.47843665768194077,0.03172353961827646,True,17.050691244239633,198,0.4759,43.568080664854854
95409,Santa Rosa,Sonoma,1771,1282,489,1227,21261,1,2,0,0,0,2,False,ChargePoint Network,885.5,,0.443357783211084,0.08329805747613,True,98.15668202764977,22,0.3031,65.1039820394659
95412,Sonoma,Sonoma,9,6,3,6,318,1,2,0,0,0,2,False,ChargePoint Network,4.5,,0.5,0.02830188679245283,False,,,0.4088,
95419,Occidental,Sonoma,16,11,5,16,329,0,0,0,0,0,0,True,,,,0.0,0.0486322188449848,False,,,0.1477,
95421,Cazadero,Sonoma,63,44,19,52,1545,0,0,0,0,0,0,True,,,,0.21153846153846145,0.040776699029126215,False,,,0.2066,
95425,Cloverdale,Sonoma,400,274,126,302,11855,5,6,2,0,0,8,False,ChargePoint Network,50.0,137.0,0.32450331125827825,0.03374103753690426,True,52.995391705069125,120,0.2764,38.24983260467131
95430,Monte Rio,Sonoma,5,3,2,5,188,0,0,0,0,0,0,True,,,,0.0,0.026595744680851064,False,,,,
95431,Sonoma,Sonoma,3,1,2,2,46,0,0,0,0,0,0,True,,,,0.5,0.06521739130434782,False,,,,
95436,Forestville,Sonoma,325,208,117,226,6080,4,6,0,0,0,6,False,ChargePoint Network,54.166666666666664,,0.43805309734513265,0.05345394736842105,True,58.06451612903226,109,0.3186,46.980976013234084
95439,Fulton,Sonoma,18,13,5,12,762,0,0,0,0,0,0,True,,,,0.5,0.023622047244094488,False,,,0.1675,
95441,Geyserville,Sonoma,119,82,37,89,2710,4,8,8,0,0,16,False,INTERTIE,7.4375,10.25,0.3370786516853932,0.043911439114391146,False,,,0.3277,
95442,Glen Ellen,Sonoma,242,183,59,175,2615,5,7,1,0,0,8,False,ChargePoint Network,30.25,183.0,0.3828571428571428,0.09254302103250478,True,32.71889400921659,164,0.2893,29.607310252471542
95444,Graton,Sonoma,83,57,26,65,897,0,0,0,0,0,0,True,,,,0.2769230769230768,0.09253065774804906,False,,,0.159,
95446,Guerneville,Sonoma,249,175,74,162,4964,3,7,0,0,0,7,False,Tesla Destination,35.57142857142857,,0.537037037037037,0.05016116035455278,True,39.63133640552996,149,0.3176,37.3370357241325
95448,Healdsburg,Sonoma,1315,948,367,924,18428,45,82,6,0,0,88,False,ChargePoint Network,14.943181818181818,158.0,0.42316017316017307,0.07135880182331235,True,14.285714285714285,204,0.3636,29.57875457875458
95450,Timber Cove,Sonoma,27,20,7,26,425,3,6,0,0,0,6,False,Tesla Destination,4.5,,0.03846153846153855,0.06352941176470588,False,,,0.1842,
95452,Kenwood,Sonoma,120,94,26,105,1264,1,0,2,0,0,2,False,EVCS,60.0,47.0,0.1428571428571428,0.0949367088607595,False,,,0.2935,
95462,Monte Rio,Sonoma,67,38,29,49,1182,2,3,0,0,0,3,False,ChargePoint Network,22.333333333333332,,0.36734693877551017,0.05668358714043993,False,,,0.1441,
95465,Bodega,Sonoma,163,110,53,120,2184,1,2,0,0,0,2,False,Tesla Destination,81.5,,0.3583333333333334,0.07463369963369963,False,,,0.2257,
95471,Guerneville,Sonoma,6,3,3,3,184,0,0,0,0,0,0,True,,,,1.0,0.03260869565217391,False,,,0.2378,
95472,Occidental,Sonoma,2433,1678,755,1779,24021,12,21,22,0,12,43,False,EVOLV_CHARGING,56.58139534883721,76.27272727272727,0.3676222596964587,0.10128637442238042,True,58.525345622119815,108,0.2685,39.73275828114538
95476,Sonoma,Sonoma,2100,1517,583,1538,27603,13,14,17,0,8,31,False,ChargePoint Network,67.74193548387096,89.23529411764706,0.36540962288686596,0.07607868709922834,True,62.67281105990783,99,0.3284,50.35349954704793
95480,Sonoma,Sonoma,3,3,0,6,105,0,0,0,0,0,0,True,,,,-0.5,0.02857142857142857,False,,,0.3333,
95486,Monte Rio,Sonoma,6,4,2,5,108,0,0,0,0,0,0,True,,,,0.19999999999999996,0.05555555555555555,False,,,0.7059,
95492,Windsor,Sonoma,1427,1020,407,948,22603,12,27,20,0,12,47,False,EVOLV_CHARGING,30.361702127659573,51.0,0.5052742616033756,0.0631332124054329,True,33.17972350230415,163,0.2364,24.709519870810194
95497,Sea Ranch,Sonoma,80,65,15,58,573,4,8,0,0,0,8,False,ChargePoint Network,10.0,,0.3793103448275863,0.13961605584642234,False,,,0.0477,
95620,Dixon,Solano,869,670,199,547,19934,7,8,14,1,12,22,False,Tesla,39.5,47.857142857142854,0.5886654478976234,0.043593859737132534,True,46.08294930875576,135,0.3793,47.18677379967703
95625,Elmira,Solano,7,5,2,0,241,0,0,0,0,0,0,True,,,,,0.029045643153526972,False,,,0.7329,
95687,Vacaville,Solano,2452,1940,512,1544,49888,25,37,42,0,28,79,False,Tesla,31.037974683544302,46.19047619047619,0.5880829015544042,0.04915009621552277,True,34.56221198156682,160,0.3312,36.51187522155264
95688,Vacaville,Solano,1568,1221,347,1126,32608,22,35,58,1,52,93,False,Tesla,16.86021505376344,21.051724137931036,0.39253996447602124,0.04808635917566242,True,18.433179723502306,195,0.2928,23.319153964315255
